name,importance
insu,0.5236507043797719
skin,0.2967936479303006
preg,0.11932610323179638
pres,0.04985730896368353
plas,0.006920213256767028
mass,0.0034520222376805266
pedi,0.0
age,0.0
