name,importance
insu,0.5392215787164522
skin,0.2947797964181498
preg,0.1226621281356467
pres,0.036242179159652915
plas,0.00354715878504922
mass,0.00354715878504922
pedi,0.0
age,0.0
