name,importance
insu,0.5211570008807798
skin,0.3067833026827655
preg,0.10928291006464505
pres,0.05259047441983002
mass,0.006796167619351633
plas,0.0033901443326280387
pedi,0.0
age,0.0
