name,importance
insu,0.5487611255659934
skin,0.28421173255939786
preg,0.10807685135491416
pres,0.04447666377966535
plas,0.007236813370014591
mass,0.007236813370014591
pedi,0.0
age,0.0
