name,importance
insu,0.5453543431852592
skin,0.29016634421667736
preg,0.10685581062709983
pres,0.044337662369705634
plas,0.006642919800628968
mass,0.006642919800628968
pedi,0.0
age,0.0
