name,importance
age,0.35586608660273694
mass,0.22839902056274416
plas,0.1764018819768052
skin,0.1749871338513119
pres,0.038064306621420727
insu,0.026281570384981072
preg,0.0
pedi,0.0
