name,importance
mass,0.37432361638753786
preg,0.2258219529614318
plas,0.1740792831452271
age,0.1442458063320983
insu,0.08152934117370489
skin,0.0
pres,0.0
pedi,0.0
