name,importance
mass,0.3013420417659937
insu,0.2765475470467018
age,0.19791613579400621
plas,0.1297345084133456
skin,0.0668184278488019
preg,0.02764133913115071
pres,0.0
pedi,0.0
