name,importance
plas,0.5407862183090628
age,0.18561182485335787
mass,0.16811009060043108
pedi,0.07755277686211796
preg,0.017671271979061976
skin,0.010267817395968253
pres,0.0
insu,0.0
