name,importance
age,0.41429237131909025
plas,0.3478254044316718
skin,0.1607718816442238
pedi,0.039382509490859884
insu,0.020649505544262713
pres,0.017078327569891603
preg,0.0
mass,0.0
