name,importance
pres,0.028571431822590965
insu,0.02467532452050738
skin,0.01428571521461779
mass,0.010389611473331173
age,0.003896103896103864
plas,0.0012987045498637384
pedi,0.0
preg,-0.007792207792207795
