name,importance
insu,0.009150326797385588
skin,0.006535947712418277
plas,0.006535947712418277
age,0.0039215686274509665
pres,0.002614379084967311
pedi,0.0
mass,0.0
preg,0.0
