name,importance
mass,0.39197006157490905
preg,0.20350742705364414
insu,0.19121789909405776
age,0.10912135397198142
plas,0.07756167262672632
pres,0.022265331362818108
skin,0.004356254315863315
pedi,0.0
