name,importance
mass,0.3494438386634362
age,0.26522770794782063
insu,0.20192270637436674
preg,0.0781900535965769
plas,0.0639493956954104
skin,0.026593032631390647
pres,0.014673265090998547
pedi,0.0
