name,importance
age,0.4785074915317508
plas,0.3249815563757087
insu,0.05901133774191996
pres,0.05526360203649923
skin,0.042531857274034815
pedi,0.025836723187199793
preg,0.0138674318528867
mass,0.0
