name,importance
plas,0.11038960915107232
skin,0.06233766605327653
insu,0.05324675696236745
pres,0.018181819884808027
age,0.01168831571356046
pedi,0.0
preg,-0.005194805194805152
mass,-0.027272722937844017
