name,importance
skin,0.025974027522198552
insu,0.022077924864632715
plas,0.020779224494834957
pres,0.01038961162814842
age,0.009090913580609584
mass,0.0012987012987012657
pedi,0.0
preg,-0.0038961029672003765
