name,importance
pres,0.06797385971530585
skin,0.04836601657805095
mass,0.024836602008420618
age,0.020915036575466915
plas,0.020915032679738533
insu,0.010457516339869244
preg,0.006535951452317534
pedi,0.0
